discord_id,discord_name,unclaimed_amount,total_claimed,destination_wallet,wallet_resolution,linked_wallet_count
244252969040609280,crazylunatiik,288833,0,B6o9AfiJ5uhw5ewWR3nSTtgLvg1JFNQWoVuR6tQXtZCo,primary,1
290531269970755587,gob.1.,285141,0,AfVXtsmsbmeVDuYSTdEQdiJsYKsi8EKZEdzoTmRb8mQ,primary,1
1082504606690582601,snoopdfox,259865,0,7azqm8HWqiqZPrcgWoBbtNc9HykxpzK5zGTuiJXkpzNZ,primary,1
468983200597934080,johnsey,253423,0,9HM4nYLACGaSFGKwTgMS2yTH3yBrz98PwvSi9q3HiUC4,primary,2
707135836105342996,benno094,155529,0,6ngUm36nabsREufTBRNGuif5pyEffaZqj2ik7NqEJfL5,primary,1
931160720261939230,tom_buxdao,121385,82418,AcWwsEwgcEHz6rzUTXcnSksFZbETtc2JhA4jF7PKjp9T,primary,2
1364736245762228344,josh_hodlin_40532,112909,0,63T32BUbMNTSeemfGKAuL4NB5xfjSeUHRUkHqn92Sjuj,primary,1
831941306241515542,josh_hodlin,109885,0,63T32BUbMNTSeemfGKAuL4NB5xfjSeUHRUkHqn92Sjuj,only,1
723728290002763798,therealmrfunguy,72111,0,DtCsPVrxh7Ws5fXgwUVQQQyVZ27FJAKW4uf6n8QHnwxS,primary,1
945898127817318430,friedaw13,70437,112260,EFwA7nqU4XYi44mspmWacTV5C4ivjnm2Mgd9ExN5hpFM,primary,1
405919089517789205,machineman710,61596,98454,6MDAEysXBp4wyx1kDzA1GBHr2sZLuEZCdH58vkKhhPyR,primary,1
934913406979407952,dannisc1437gmail.com,61491,0,BHCYL69P56TzBBy1r4CxmHs6Sz9Caebgb14oTyQQkRS1,primary,1
1002677465308745758,geneguy2023,56560,320064,3s6c6JzbqgdDpnXrvdfJXhJLq6i9CeMh5JghFe72nBk4,primary,2
976330459317415976,drgreen78paz,55737,0,94Q2QhtrLUxL1txrgSJeXMi8jdkVTQK4EZphfT9LYsmE,primary,1
935330428695486485,itsdowntime,48840,0,Cbo7JZEmVEbkcNzfoE7V3489MKwTehZ37KYJ4Me2cEDv,oldest,2
495693115156594721,sposato,47432,139064,9FdEErSA8N9kkyukLHLsKTyyu6vN3iNq4vpQLN1rdWpc,primary,1
925518218804727910,daniel774263,38556,0,HKN4zACpPLhE6CBQtarSfk2Dn45NVVWTKU2RLrtCLdwA,only,1
890398220600115271,.shoeman,35036,47999,7azqm8HWqiqZPrcgWoBbtNc9HykxpzK5zGTuiJXkpzNZ,primary,2
318021230139539456,samosandthebullyz,34033,33025,DenXVLRxRR3yrXFzwMEpnuizCcP6YMpaN9jUdZy2N8hB,primary,1
894003364717789206,_meowy_,28945,0,EkbZV2UjHLWGKS1FtijH7gUwMyKpxXVBwYHyf8nTrEAX,primary,3
1022179778515705909,mademoisellecynthia,20782,0,B9HVBrcjceo635n7wuaHXkXSpGC9pCXKragyNfdhPPRT,primary,1
777811061109424138,badass.missbunny,19543,0,HH1F12eCYL5mgn9zx7SEY5pj4owMfrLE8JmnvCRdafSJ,primary,2
916829892279148545,wolly9787,17416,0,9756X61QRrgDUSmfJedRyG316BoK56UME6g1n81yberA,oldest,2
487714164379222018,dublin17,17254,17794,MZgHwrpoLepv6yuzM7fdAKd5WXkUi5wGNq4CAkTYrXQ,primary,1
756602719548211410,bizton,15405,0,9oLwXTf1sszgMiaxcxtk6N8pLxuV8qakgZRd9uuUu4ku,primary,1
702336057026412595,hodler71,14406,0,2dBWhhpStkUHyWd8SH5HasAhtAbtdXRNzKm2ofKbFWZA,primary,1
900707387734884402,cken99,13854,0,AtWaBfpUHeeqVpFBVK1SMVrcedYYSNrXU9CdRThjzho1,oldest,3
811959102434836571,novamark.,13072,0,7sakeU6TwHDey3B12tpPpEwQxtnEswrV7afHHC6LMvJg,primary,1
400349825121648641,qwasezeb,11872,0,J34vpqJdUCTBj9YcvRUq6MkwRbXWWFfSiHbfQ6LKvsiE,primary,1
844006621164208188,tbroker,11096,0,C9xiFhke9pTU89YdNoLskuA64YNScWF42dmCJach13yh,primary,1
906184798203166720,sorak7,10425,0,9eqa8vdNhfj5891d8Ms9vKE4uaxts6rFQjcn4usvw7k1,primary,1
734542056390787112,professor420k,10153,18079,ncgaRYS2kaDE85S94oAR5B3ALXA6425jXeCQGSSsrMu,primary,2
831283538678120519,osyfoods,9170,0,46TT1ruNM82nhodwCUvky5QwRZeGLiuDPY6i9hFnftqd,only,1
886858821803343912,.andrec.,8835,0,Fk3bMsvjRQTzpVanFFTCKqzKS9C27qD9bDbfU4gWMTnp,only,1
435331849972219904,guava007,8671,167285,HzrwHaJ8AVKwXg5fGqQQPyngk73QVjm4wJsm5hWmH9qu,primary,1
653271943952203776,z4ki28,7145,0,5oNBPrLrpFfhXGivR883n8HuFbkhgXrbsToRMqfuaBWM,only,1
577901812246511637,sandralee78,6030,4515,49NtqJccaxU3Usp5Wbpw62TFK7zBsbbu361Xcy7LXohX,primary,2
909636049628708934,madmatte,5812,0,5hTZwrtqqmGwSdohNFTqr2nBGNk2BbouGDBG31hxAVdt,primary,1
802668139217027072,world_boss_ceorjctd,5687,7400,FgK7BFW4vN6x3hbbgPXN5AAAH8eyYkvAXHrNJUZ8ymjq,oldest,2
963388231636889630,ridonnnn,4905,0,,missing,0
880752841122254910,friguy859,4714,0,BnsGDzy5YVS3zUDCdXsL9FAAGaLhrYLEaUW7Pj9ip57N,primary,1
980555331421741107,bandoo44,4140,0,5Yk4M63queqjuyNSkBoADsaxxVk83PSsYybj2ZAQHqxs,only,1
582611087849947147,jimmy_rugpull,3738,0,9ms5WgDa2e8z7HE7PD2ci3a2WnhQEZtP4dBJePhhdhXq,primary,1
995575745705410670,dragonking2338,3282,0,6QraZLLg2i9WBiG3jxr66hoN2DZEmtW4WrN6kWZa7juj,primary,1
812480630155116574,nolasmokes,3234,410626,EhCeavQuvQRf2uSNPW1dJb8hHqa511TyzDXyjM2BTr4x,primary,1
993984242260398081,zerotwo02_0202,3225,7654,Aa5xb9Ri7UwmYLvtRsqbVTSiwVvj5AoyQ4Ru31wGPLFW,primary,1
408330021267308565,helipos,3195,362980,GBowhf35uo25ThZRByBxJj1wpCYPZrLvXNMmzz4H2YZA,primary,1
944883771067494411,memnoch666.,3163,0,7NoaPFrbr3cetZ3Zt8SmniuqMjnDyfUf9XZzt3yqT7rx,primary,1
463908192456409116,jvilla1620,3100,0,22dFv1xahR495EpaBjMfMMtxRX6h8NXstwxo8cAzoGiU,only,1
943631488371544104,seeshell,3002,24816,DJi5TeBtVjFhHw4Z97t3NZxNWrFRzbuEKCWZWAcnuACA,primary,1
842715514911850517,oli_zeki,2850,5623,8jUhXV2ZNbsjAJNQH22JhZMR1dBMYUtoHW4ASroUiXaz,primary,2
1051495237673025606,scophano,2840,180,GW29D5X9qnCwmwCjn5Js1qMFfWdFhczFBFKvEVuKbVFG,only,1
776667871173541909,hambearpig,1303,0,cnfGBHEjTtJYQyg9c79U573oSqZPPg3Pc33E5ETqCR1,oldest,2
1104692543238721598,icebird25,1045,0,bP7Y8DL1S45FiqoPeEwaRtCMqy4sAHEZCa4Wp9pjQcY,only,1
690143056003203102,cffcbibitoni,905,3069,BEpkoGChmKStEhi5RzfPd83tAr3zguyMKhBswJ7AXyiK,primary,1
870392069305270353,ic0n1586,500,0,Gz5u2XsXXxG5jbvq16fE8Z369k54CHpXi2FnhHguvhkC,only,1
826889326334967808,olukurou.,304,0,8jB5izgHFrtAigvZdYg9YjkqiLgPrVSRcSZvfcPrKuaW,primary,1
412810483071057921,treasuredad1,200,0,AumrH8CKDPJ1rNzY2ySufwmvDGmhmtJuPFFRvgS5DJ8r,only,1
642393259762647043,anonymous.__.,140,0,4QFh45rTR2XuYjnn7PzhbMxX9QNhRAoJHT2zESN7zRBZ,only,1
906362741130919946,shelby013,108,0,GvHHDfEdHUU7uERWXbw7Zf8FqwpcnYLiNdhc4yhNHFGZ,only,1
704762204297101374,midnytemyst79,80,0,CjDuH7dNDAmHQuYNSaSnWXZXL3bs3d3twcorY4Tra46C,only,1
131221621775138817,jwinga,35,0,EVvkoxurtifh1rtC5rW91MD3wqxP9f4PZqKXWdkWBoVK,only,1
1414047372882874448,ghostygoobz.,5,0,2HqzC2VgfE6DLDa6RZtDjueHHDAMM1osjTqraEaBWzDV,only,1
