wallet_address,total_unclaimed
7azqm8HWqiqZPrcgWoBbtNc9HykxpzK5zGTuiJXkpzNZ,294901
B6o9AfiJ5uhw5ewWR3nSTtgLvg1JFNQWoVuR6tQXtZCo,288833
AfVXtsmsbmeVDuYSTdEQdiJsYKsi8EKZEdzoTmRb8mQ,285141
9HM4nYLACGaSFGKwTgMS2yTH3yBrz98PwvSi9q3HiUC4,253423
63T32BUbMNTSeemfGKAuL4NB5xfjSeUHRUkHqn92Sjuj,222794
6ngUm36nabsREufTBRNGuif5pyEffaZqj2ik7NqEJfL5,155529
AcWwsEwgcEHz6rzUTXcnSksFZbETtc2JhA4jF7PKjp9T,121385
DtCsPVrxh7Ws5fXgwUVQQQyVZ27FJAKW4uf6n8QHnwxS,72111
EFwA7nqU4XYi44mspmWacTV5C4ivjnm2Mgd9ExN5hpFM,70437
6MDAEysXBp4wyx1kDzA1GBHr2sZLuEZCdH58vkKhhPyR,61596
BHCYL69P56TzBBy1r4CxmHs6Sz9Caebgb14oTyQQkRS1,61491
3s6c6JzbqgdDpnXrvdfJXhJLq6i9CeMh5JghFe72nBk4,56560
94Q2QhtrLUxL1txrgSJeXMi8jdkVTQK4EZphfT9LYsmE,55737
Cbo7JZEmVEbkcNzfoE7V3489MKwTehZ37KYJ4Me2cEDv,48840
9FdEErSA8N9kkyukLHLsKTyyu6vN3iNq4vpQLN1rdWpc,47432
HKN4zACpPLhE6CBQtarSfk2Dn45NVVWTKU2RLrtCLdwA,38556
DenXVLRxRR3yrXFzwMEpnuizCcP6YMpaN9jUdZy2N8hB,34033
EkbZV2UjHLWGKS1FtijH7gUwMyKpxXVBwYHyf8nTrEAX,28945
B9HVBrcjceo635n7wuaHXkXSpGC9pCXKragyNfdhPPRT,20782
HH1F12eCYL5mgn9zx7SEY5pj4owMfrLE8JmnvCRdafSJ,19543
9756X61QRrgDUSmfJedRyG316BoK56UME6g1n81yberA,17416
MZgHwrpoLepv6yuzM7fdAKd5WXkUi5wGNq4CAkTYrXQ,17254
9oLwXTf1sszgMiaxcxtk6N8pLxuV8qakgZRd9uuUu4ku,15405
2dBWhhpStkUHyWd8SH5HasAhtAbtdXRNzKm2ofKbFWZA,14406
AtWaBfpUHeeqVpFBVK1SMVrcedYYSNrXU9CdRThjzho1,13854
7sakeU6TwHDey3B12tpPpEwQxtnEswrV7afHHC6LMvJg,13072
J34vpqJdUCTBj9YcvRUq6MkwRbXWWFfSiHbfQ6LKvsiE,11872
C9xiFhke9pTU89YdNoLskuA64YNScWF42dmCJach13yh,11096
9eqa8vdNhfj5891d8Ms9vKE4uaxts6rFQjcn4usvw7k1,10425
ncgaRYS2kaDE85S94oAR5B3ALXA6425jXeCQGSSsrMu,10153
46TT1ruNM82nhodwCUvky5QwRZeGLiuDPY6i9hFnftqd,9170
Fk3bMsvjRQTzpVanFFTCKqzKS9C27qD9bDbfU4gWMTnp,8835
HzrwHaJ8AVKwXg5fGqQQPyngk73QVjm4wJsm5hWmH9qu,8671
5oNBPrLrpFfhXGivR883n8HuFbkhgXrbsToRMqfuaBWM,7145
49NtqJccaxU3Usp5Wbpw62TFK7zBsbbu361Xcy7LXohX,6030
5hTZwrtqqmGwSdohNFTqr2nBGNk2BbouGDBG31hxAVdt,5812
FgK7BFW4vN6x3hbbgPXN5AAAH8eyYkvAXHrNJUZ8ymjq,5687
BnsGDzy5YVS3zUDCdXsL9FAAGaLhrYLEaUW7Pj9ip57N,4714
5Yk4M63queqjuyNSkBoADsaxxVk83PSsYybj2ZAQHqxs,4140
9ms5WgDa2e8z7HE7PD2ci3a2WnhQEZtP4dBJePhhdhXq,3738
6QraZLLg2i9WBiG3jxr66hoN2DZEmtW4WrN6kWZa7juj,3282
EhCeavQuvQRf2uSNPW1dJb8hHqa511TyzDXyjM2BTr4x,3234
Aa5xb9Ri7UwmYLvtRsqbVTSiwVvj5AoyQ4Ru31wGPLFW,3225
GBowhf35uo25ThZRByBxJj1wpCYPZrLvXNMmzz4H2YZA,3195
7NoaPFrbr3cetZ3Zt8SmniuqMjnDyfUf9XZzt3yqT7rx,3163
22dFv1xahR495EpaBjMfMMtxRX6h8NXstwxo8cAzoGiU,3100
DJi5TeBtVjFhHw4Z97t3NZxNWrFRzbuEKCWZWAcnuACA,3002
8jUhXV2ZNbsjAJNQH22JhZMR1dBMYUtoHW4ASroUiXaz,2850
GW29D5X9qnCwmwCjn5Js1qMFfWdFhczFBFKvEVuKbVFG,2840
cnfGBHEjTtJYQyg9c79U573oSqZPPg3Pc33E5ETqCR1,1303
bP7Y8DL1S45FiqoPeEwaRtCMqy4sAHEZCa4Wp9pjQcY,1045
BEpkoGChmKStEhi5RzfPd83tAr3zguyMKhBswJ7AXyiK,905
Gz5u2XsXXxG5jbvq16fE8Z369k54CHpXi2FnhHguvhkC,500
8jB5izgHFrtAigvZdYg9YjkqiLgPrVSRcSZvfcPrKuaW,304
AumrH8CKDPJ1rNzY2ySufwmvDGmhmtJuPFFRvgS5DJ8r,200
4QFh45rTR2XuYjnn7PzhbMxX9QNhRAoJHT2zESN7zRBZ,140
GvHHDfEdHUU7uERWXbw7Zf8FqwpcnYLiNdhc4yhNHFGZ,108
CjDuH7dNDAmHQuYNSaSnWXZXL3bs3d3twcorY4Tra46C,80
EVvkoxurtifh1rtC5rW91MD3wqxP9f4PZqKXWdkWBoVK,35
2HqzC2VgfE6DLDa6RZtDjueHHDAMM1osjTqraEaBWzDV,5
